"研究资源名称","网站地址","执行者","时间","创建人"
"航空产业投资趋势研究","www.airinvtrendstudy.com","张三","2023-02-15","李四"
"航空金融市场动态分析","www.airfinancedynamics.com","王五","2023-03-20","赵六"
"航空企业发展战略报告","www.airenterprisedevelopment.com","孙七","2023-04-05","周八"
"航空投资风险管理指南","www.airinvestmentriskguide.com","吴九","2023-05-10","郑十"
"航空项目盈利模式探讨","www.airprojectprofitmodel.com","陈一","2023-06-18","王二"
"航空法规政策研究汇总","www.airregulationsresearch.com","李三","2023-07-22","赵四"
"航空产业竞争态势洞察","www.aircompetitioninsight.com","张四","2023-08-28","孙五"
"航空技术创新前沿追踪","www.airtechnologyinnovationtrack.com","王六","2023-09-03","吴七"
"航空人力资源优化方案","www.airhumanresourceoptimization.com","赵七","2023-10-08","周八"
"航空品牌塑造策略研究","www.airbrandshapingstrategy.com","孙八","2023-11-13","郑九"
"航空供应链创新探索","www.airsupplychaininnovation.com","吴十","2023-12-18","陈十"
"航空客户行为分析报告","www.aircustomerbehavioranalysis.com","李一","2024-01-23","王二"
"航空数字化转型路径规划","www.airdigitizationtransformation.com","赵二","2024-02-28","张三"
"航空环境影响评估研究","www.airenvironmentimpactassessment.com","孙三","2024-03-15","李四"
"航空社会责任履行策略","www.airsocialresponsibilityfulfillment.com","吴四","2024-04-20","王五"
"航空市场营销创新思路","www.airmarketinginnovation.com","赵五","2024-05-25","孙六"
"航空财务管理优化策略","www.airfinancialmanagementoptimization.com","周六","2024-06-30","吴七"
"航空服务质量提升规划","www.airservicequalityimprovement.com","郑七","2024-07-15","陈八"
"航空成本控制深度研究","www.aircostcontroldeepresearch.com","王七","2024-08-20","赵九"
"航空国际合作潜力分析","www.airinternationalcooperationpotential.com","孙九","2024-09-25","吴十"
"航空文化建设策略探讨","www.aircultureconstructionstrategy.com","李十","2024-10-30","郑一"
"航空技术引进可行性研究","www.airtechnologyimportfeasibility.com","赵十一","2024-11-15","王二"
"航空区域发展差异调研","www.airregionaldevelopmentdifference.com","孙十二","2024-12-20","张三"
"航空未来发展前景预测","www.airfuturedevelopmentprospect.com","吴十三","2025-01-05","李四"
"航空应急管理策略研究","www.airemergencymanagementstrategy.com","郑十四","2025-02-10","王五"