"标题","关联对象","参与人员","地点","开始时间","结束时间","详情"
"项目启动会","新产品研发项目","项目经理、研发团队","会议室 A","2023/09/01 09:00","2023/09/01 12:00","讨论项目计划和分工"
"市场调研活动","竞争对手分析","市场专员、分析师","市区各大商场","2023/09/05 08:00","2023/09/05 18:00","收集竞争对手数据"
"员工培训课程","销售技巧提升","销售人员","培训室 B","2023/09/10 14:00","2023/09/10 17:00","培训销售方法"
"客户座谈会","重要客户","公司领导、客户代表","酒店会议厅","2023/09/15 10:00","2023/09/15 12:00","听取客户意见"
"供应链协调会","供应商","采购人员、供应商代表","供应商工厂","2023/09/20 15:00","2023/09/20 17:00","优化供应流程"
"产品推广会","新产品","市场团队、潜在客户","展览中心","2023/09/25 09:00","2023/09/25 16:00","展示新产品特点"
"技术研讨会","技术难题","技术专家、工程师","研发中心","2023/10/01 10:00","2023/10/01 15:00","探讨技术解决方案"
"团队建设活动","销售团队","销售人员","郊外拓展基地","2023/10/05 08:00","2023/10/05 18:00","增强团队凝聚力"
"财务预算会议","年度预算","财务人员、部门经理","财务办公室","2023/10/10 14:00","2023/10/10 18:00","制定预算计划"
"质量检查总结会","产品质量","质检人员、生产主管","生产车间","2023/10/15 09:00","2023/10/15 11:00","总结质量问题"
"战略规划会议","公司发展战略","高层管理人员","总部会议室","2023/10/20 10:00","2023/10/20 16:00","制定未来发展方向"
"客服培训活动","客服人员","客服团队","客服中心","2023/10/25 14:00","2023/10/25 17:00","提升客服服务水平"
"项目进度汇报会","项目 A","项目成员、领导","会议室 C","2023/11/01 09:00","2023/11/01 11:00","汇报项目进展"
"市场分析会","市场趋势","市场团队、分析师","市场部办公室","2023/11/05 10:00","2023/11/05 12:00","分析市场动态"
"员工表彰大会","优秀员工","全体员工","公司礼堂","2023/11/10 15:00","2023/11/10 17:00","表彰优秀员工"
"新品研发讨论会","新产品 B","研发人员、设计师","研发工作室","2023/11/15 08:00","2023/11/15 12:00","讨论新品设计"
"安全生产会议","生产安全","生产人员、安全主管","生产厂区","2023/11/20 14:00","2023/11/20 16:00","强调安全生产"
"营销策略制定会","营销方案","营销团队、策划人员","营销办公室","2023/11/25 09:00","2023/11/25 12:00","制定营销策略"
"供应商评估会","供应商表现","采购人员、质量人员","采购部会议室","2023/12/01 10:00","2023/12/01 12:00","评估供应商"
"客户满意度调查总结会","客户反馈","客服人员、市场人员","客服办公室","2023/12/05 14:00","2023/12/05 16:00","总结客户满意度" 