"基金名称","合伙协议日期","说明"
"华瑞基金","2023/01/05","本次扩募旨在引入新的战略投资者，提升基金的资金规模和投资实力，拓展投资领域。"
"丰泽基金","2023/02/10","为了满足现有投资项目的资金需求，同时挖掘更多优质投资机会，进行此次扩募。"
"永盛基金","2023/03/15","扩募以优化基金的资产配置，提高风险抵御能力，并为未来的项目储备充足资金。"
"明辉基金","2023/04/20","鉴于市场良好的投资前景，通过扩募加大对特定行业的投资布局。"
"辉腾基金","2023/05/25","此次扩募旨在增加基金的流动性，提升投资回报，为投资者创造更多价值。"
"宏远基金","2023/06/30","因业务发展需要，扩大基金规模，加强在新兴市场的投资力度。"
"金瑞基金","2023/07/15","为了把握市场机遇，对优质项目进行追加投资，决定进行基金扩募。"
"瑞丰基金","2023/08/20","扩募以提升基金的多元化投资能力，降低风险，提高整体收益。"
"晟宏基金","2023/09/25","基于对行业趋势的判断，通过扩募增强基金在重点领域的竞争力。"
"永华基金","2023/10/30","由于部分项目发展良好，需要追加资金支持，故进行此次扩募。"
"明盛基金","2023/11/15","为优化投资组合，提高基金的稳定性，开展本次扩募工作。"
"辉宏基金","2023/12/20","扩募旨在引入更多长期资金，推动基金的可持续发展。"
"宏瑞基金","2024/01/25","随着投资策略的调整，基金规模需要相应扩大，以实现更好的投资效果。"
"金辉基金","2024/02/28","因市场环境变化，为适应新的投资需求，进行基金扩募。"
"瑞昌基金","2024/03/31","扩募以增强基金的抗风险能力，捕捉更多潜在的投资机会。"
"丰瑞基金","2024/04/15","为提升基金在行业内的影响力，加大投资力度，决定扩募。"
"永新基金","2024/05/20","基于对宏观经济的分析，通过扩募优化资产配置，提高回报率。"
"明新基金","2024/06/25","由于部分项目的快速发展，需增加资金投入，进行基金扩募。"
"辉新基金","2024/07/30","为拓展投资范围，丰富投资品种，实施本次扩募计划。"
"宏新基金","2024/08/15","扩募以提升基金的运营能力，为投资者提供更优质的服务。"
"金新基金","2024/09/20","鉴于市场的投资热点变化，通过扩募调整投资方向。"
"瑞新基金","2024/10/25","为满足投资者的多元化需求，扩大基金规模，丰富投资策略。"
"丰新基金","2024/11/30","因基金业绩良好，吸引更多资金，进行规模扩张。"
"永瑞基金","2024/12/15","随着市场机会的增多，通过扩募增加投资项目数量。"
"明瑞基金","2025/01/20","为进一步提升基金的盈利能力，进行本次扩募。"
"辉瑞基金","2025/02/25","扩募以加强在核心领域的投资布局，提高市场份额。"
"宏瑞基金","2025/03/31","基于对未来市场的乐观预期，扩大基金规模，提升投资效益。"
"金瑞基金","2025/04/15","为优化投资结构，降低投资风险，开展基金扩募工作。"
"瑞丰基金","2025/05/20","由于市场需求的增加，决定扩募以满足更多投资项目的资金需求。"
"晟宏基金","2025/06/25","为提高基金的竞争力，加大对创新项目的投资，进行扩募。" 